"id","treatment","improvement"
1,"treated","improved"
2,"treated","improved"
3,"not-treated","improved"
4,"treated","improved"
5,"treated","not-improved"
6,"treated","not-improved"
7,"not-treated","not-improved"
8,"treated","not-improved"
9,"not-treated","improved"
10,"treated","improved"
11,"not-treated","improved"
12,"not-treated","not-improved"
13,"not-treated","not-improved"
14,"not-treated","not-improved"
15,"not-treated","improved"
16,"not-treated","improved"
17,"treated","improved"
18,"treated","improved"
19,"not-treated","not-improved"
20,"not-treated","not-improved"
21,"treated","not-improved"
22,"not-treated","not-improved"
23,"treated","not-improved"
24,"not-treated","improved"
25,"treated","improved"
26,"treated","improved"
27,"not-treated","not-improved"
28,"not-treated","improved"
29,"treated","not-improved"
30,"treated","improved"
31,"not-treated","not-improved"
32,"not-treated","not-improved"
33,"treated","improved"
34,"not-treated","improved"
35,"treated","not-improved"
36,"not-treated","improved"
37,"treated","improved"
38,"not-treated","not-improved"
39,"not-treated","improved"
40,"treated","improved"
41,"not-treated","improved"
42,"not-treated","improved"
43,"not-treated","not-improved"
44,"not-treated","improved"
45,"not-treated","improved"
46,"treated","improved"
47,"treated","not-improved"
48,"not-treated","not-improved"
49,"treated","improved"
50,"treated","improved"
51,"not-treated","not-improved"
52,"treated","improved"
53,"not-treated","improved"
54,"treated","improved"
55,"treated","improved"
56,"not-treated","improved"
57,"treated","improved"
58,"not-treated","not-improved"
59,"treated","improved"
60,"treated","improved"
61,"treated","improved"
62,"not-treated","improved"
63,"treated","not-improved"
64,"treated","not-improved"
65,"not-treated","improved"
66,"not-treated","improved"
67,"not-treated","improved"
68,"not-treated","not-improved"
69,"not-treated","not-improved"
70,"treated","improved"
71,"treated","not-improved"
72,"not-treated","not-improved"
73,"treated","not-improved"
74,"not-treated","improved"
75,"not-treated","not-improved"
76,"not-treated","not-improved"
77,"treated","not-improved"
78,"not-treated","improved"
79,"treated","improved"
80,"treated","improved"
81,"treated","improved"
82,"not-treated","not-improved"
83,"treated","improved"
84,"not-treated","not-improved"
85,"treated","improved"
86,"not-treated","improved"
87,"not-treated","not-improved"
88,"treated","improved"
89,"not-treated","not-improved"
90,"treated","improved"
91,"not-treated","not-improved"
92,"not-treated","improved"
93,"treated","not-improved"
94,"treated","not-improved"
95,"not-treated","not-improved"
96,"treated","improved"
97,"not-treated","improved"
98,"treated","improved"
99,"not-treated","not-improved"
100,"not-treated","improved"
101,"treated","improved"
102,"treated","improved"
103,"not-treated","not-improved"
104,"treated","improved"
105,"not-treated","not-improved"
